Time (ps),H-bonds
0.0,7562
100.00000762939453,7534
200.00001525878906,7538
300.0,7506
400.0000305175781,7566
500.0000305175781,7649
600.0,7633
700.0000610351562,7547
800.0000610351562,7538
900.0000610351562,7419
