PC1,PC2
134.46331683123327,31.804301120159803
88.93454926519723,-11.62017807543433
109.43320837017035,2.0568170328186874
134.36848665088553,35.1696915525483
104.40655557836303,-4.2094837333067625
-140.99031428557214,-6.971871884257619
-75.55187867932958,-80.66137580260629
-69.75173058443347,-86.54755747691465
-112.54049689021288,0.5574004305099691
-172.77169625630134,120.42225683648294
