PC1,PC2,Cluster
134.46331683123333,31.804301120159806,0
88.93454926519729,-11.620178075434326,2
109.4332083701704,2.056817032818687,2
134.36848665088553,35.1696915525483,0
104.40655557836308,-4.209483733306759,2
-140.99031428557208,-6.97187188425761,1
-75.55187867932958,-80.66137580260627,1
-69.75173058443353,-86.54755747691468,1
-112.54049689021288,0.5574004305099807,1
-172.77169625630134,120.4222568364829,1
