Time (ps),Rg (Å)
0.0,24.376829569136074
100.00000762939453,23.737247658851174
200.00001525878906,23.457181551415253
300.0,23.85568629465323
400.0000305175781,23.389661687850033
500.0000305175781,21.462123865463496
600.0,21.95454498686722
700.0000610351562,21.966945769296192
800.0000610351562,21.222342139259545
900.0000610351562,20.480899312645974
