Time (ps),RMSD (Å)
0.0,1.5839194139315247e-06
100.00000762939453,10.308976332753488
200.00001525878906,10.153180840513782
300.0,9.202735413256455
400.0000305175781,10.046913985693742
500.0000305175781,19.122477142060454
600.0,18.5307030459712
700.0000610351562,17.94094595332051
800.0000610351562,19.323177925787363
900.0000610351562,21.585844727430015
